use TrainStations;

drop table if exists Stops;
drop table if exists Reservation;
drop table if exists Tschedule;
drop table if exists Customer;
drop table if exists Employee;
drop table if exists Station;
drop table if exists Train;
drop table if exists Questions;



create table Station (
	sid int auto_increment primary key, 
    name varchar(50), 
    city varchar(50), 
    state varchar(50)
) engine = InnoDB;



create table Train (  				
	tid int primary key
)engine = InnoDB;



create table Customer (
	username varchar(50) primary key, 
    password varchar(50), 
    email varchar(50), 
    fname varchar(50), 
    name varchar(50)
) engine = InnoDB;



create table Employee (
	username varchar(50) primary key, 
    password varchar(50), 
    ssn varchar(11), 
    fname varchar(50), 
    name varchar(50), 
    role enum('manager', 'customer_rep')
) engine = InnoDB;



create table Tschedule (
	schedule_id int auto_increment primary key, 
    transit_line varchar(50), 
    origin_id int,
    destination_id int, 
    base_fare double, 
    origin_departure datetime,
    destination_arrival datetime, 
    train_id int,
    foreign key (origin_id) references Station(sid),
    foreign key (destination_id) references Station(sid),
	foreign key (train_id) references Train(tid)
    ) engine = InnoDB;
    
    
create table Stops (
    stop_id int primary key, 
    station_id int, 
    schedule_id int, 
    stop_sequence_num int, 
    arrival datetime, 
    departure datetime, 
    foreign key (station_id) references Station(sid), 
    foreign key (schedule_id) references Tschedule(schedule_id)
) engine = InnoDB;


create table Reservation (
    rid int primary key auto_increment, 
    passenger varchar(50),
    date_made date, 
    transit_line varchar(50),
    train_id int, 
    schedule_id int,
    origin_id int,
    destination_id int,
    travel_date date,
    departure_time time,
    arrival_time time,
    trip_type enum('oneway', 'roundtrip'),
    total_fare double,
    canceled boolean DEFAULT false,
    foreign key (train_id) references Train(tid),
    foreign key (origin_id) references Station(sid),
    foreign key (destination_id) references Station(sid),
    foreign key (schedule_id) references Tschedule(schedule_id),
    foreign key (passenger) references Customer(username)
) engine = InnoDB;


CREATE TABLE Questions (
    question_id INT AUTO_INCREMENT PRIMARY KEY,
    username VARCHAR(255) NOT NULL, 
    question_text TEXT NOT NULL,
    created_at TIMESTAMP DEFAULT CURRENT_TIMESTAMP,
    answered BOOLEAN DEFAULT FALSE,
    answer TEXT
) engine = InnoDB;




insert into Station (name, city, state) Values
  ('Atlantic City Station', 'Atlantic City', 'NJ'),
  ('Absecon Station', 'Absecon', 'NJ'),
  ('Egg Harbor City Station', 'Egg Harbor City', 'NJ'),
  ('Hammonton Station', 'Hammonton', 'NJ'),
  ('Atco Station', 'Atco', 'NJ'),
  ('Lindenwold Station', 'Lindenwold', 'NJ'),
  ('Cherry Hill Station', 'Cherry Hill', 'NJ'), 
  ('Pennsauken Transit Center Station', 'Pennsauken', 'NJ'),
  ('William H. Gray III 30th Street Station', 'Philadelphia', 'PA'),
  ('36th Street Station', 'Camden', 'NJ'),
  ('Aberdeen-Matawan Station', 'Aberdeen', 'NJ'), 
  ('Absecon Station', 'Absecon', 'NJ'), 
  ('Allenhurst Station', 'Allenhurst', 'NJ'),
  ('Allendale Station', 'Allendale', 'NJ'),
  ('Anderson St - Hackensack Station', 'Hackensack', 'NJ'),
  ('Annandale Station', 'Clinton Township', 'NJ'), 
  ('Aquarium Station', 'Camden', 'NJ'),
  ('Asbury Park Station', 'Asbury Park', 'NJ'),
  ('Atco Station', 'Atco', 'NJ'), 
  ('Avenel Station', 'Avenel', 'NJ'),
  ('Bay Head Station', 'Bay Head', 'NJ'),
  ('Bay Street Station', 'Montclair', 'NJ'), 
  ('Belmar Station', 'Belmar', 'NJ'),
  ('Berkeley Heights Station', 'Berkeley Heights', 'NJ'),
  ('Bernardsville Station', 'Bernardsville', 'NJ'),
  ('Beverly - Edgewater Park Station', 'Beverly', 'NJ'), 
  ('Bloomfield Station', 'Bloomfield', 'NJ'),
  ('Boonton Station', 'Boonton', 'NJ'),
  ('Bordentown Station', 'Bordentown', 'NJ'),
  ('Bound Brook Station', 'Bound Brook', 'NJ'),
  ('Bradley Beach Station', 'Bradley Beach', 'NJ'),
  ('Brick Church Station', 'East Orange', 'NJ'), 
  ('Bridgewater Station', 'Bridgewater', 'NJ'),
  ('Broadway - Fair Lawn Station', 'Fair Lawn', 'NJ'),
  ('Burlington South Station', 'Burlington', 'NJ'),
  ('Burlington Town Centre Station', 'Burlington', 'NJ'), 
  ('Campbell Hall Station', 'Campbell Hall', 'NY'),
  ('Cass Street Station', 'Trenton', 'NJ'),
  ('Chatham Station', 'Chatham', 'NJ'),
  ('Cherry Hill Station', 'Cherry Hill', 'NJ'),
  ('Cinnaminson Station', 'Cinnaminson', 'NJ'),
  ('Clifton Station', 'Clifton', 'NJ'),
  ('Convent Station', 'Morris Township', 'NJ'), 
  ('Cooper St - Rutgers Station', 'Camden', 'NJ'),
  ('Cranford Station', 'Cranford', 'NJ'),
  ('Delanco Station', 'Delanco', 'NJ'),
  ('Delawanna Station', 'Clifton', 'NJ'), 
  ('Denville Station', 'Denville', 'NJ'),
  ('Dover Station', 'Dover', 'NJ'),
  ('Dunellen Station', 'Dunellen', 'NJ'),
  ('East Orange Station', 'East Orange', 'NJ'),
  ('Edison Station', 'Edison', 'NJ'),
  ('Egg Harbor City Station', 'Egg Harbor City', 'NJ'),
  ('Elizabeth Station', 'Elizabeth', 'NJ'),
  ('Elberon Station', 'Long Branch', 'NJ'), 
  ('Emerson Station', 'Emerson', 'NJ'),
  ('Entertainment Center Station', 'Camden', 'NJ'),
  ('Essex St - Hackensack Station', 'Hackensack', 'NJ'),
  ('Fanwood Station', 'Fanwood', 'NJ'),
  ('Far Hills Station', 'Far Hills', 'NJ'),
  ('Florence Station', 'Florence Township', 'NJ'), 
  ('Garfield Station', 'Garfield', 'NJ'),
  ('Garwood Station', 'Garwood', 'NJ'),
  ('Gillette Station', 'Long Hill Township', 'NJ'), 
  ('Gladstone Station', 'Peapack and Gladstone', 'NJ'), 
  ('Glen Ridge Station', 'Glen Ridge', 'NJ'),
  ('Glen Rock - Boro Hall Station', 'Glen Rock', 'NJ'),
  ('Glen Rock - Main Line Station', 'Glen Rock', 'NJ'),
  ('Hackettstown Station', 'Hackettstown', 'NJ'),
  ('Hamilton Station', 'Hamilton', 'NJ'),
  ('Hamilton Ave Station', 'Trenton', 'NJ'),
  ('Hammonton Station', 'Hammonton', 'NJ'),
  ('Harriman Station', 'Harriman', 'NY'),
  ('Hawthorne Station', 'Hawthorne', 'NJ'),
  ('High Bridge Station', 'High Bridge', 'NJ'),
  ('Highland Ave Station', 'Orange', 'NJ'), 
  ('Hillsdale Station', 'Hillsdale', 'NJ'),
  ('Ho-Ho-Kus Station', 'Ho-Ho-Kus', 'NJ'),
  ('Hoboken Station', 'Hoboken', 'NJ'),
  ('Jersey Ave Station', 'New Brunswick', 'NJ'), 
  ('Kingsland Station', 'Lyndhurst', 'NJ'), 
  ('Lake Hopatcong Station', 'Lake Hopatcong', 'NJ'), 
  ('Lebanon Station', 'Lebanon', 'NJ'), 
  ('Linden Station', 'Linden', 'NJ'),
  ('Lindenwold Station', 'Lindenwold', 'NJ'),
  ('Lincoln Park Station', 'Lincoln Park', 'NJ'),
  ('Little Falls Station', 'Little Falls', 'NJ'),
  ('Little Silver Station', 'Little Silver', 'NJ'),
  ('Long Branch Station', 'Long Branch', 'NJ'),
  ('Lyndhurst Station', 'Lyndhurst', 'NJ'),
  ('Lyons Station', 'Bernards Township', 'NJ'), 
  ('Madison Station', 'Madison', 'NJ'),
  ('Mahwah Station', 'Mahwah', 'NJ'),
  ('Manasquan Station', 'Manasquan', 'NJ'),
  ('Maplewood Station', 'Maplewood', 'NJ'),
  ('Metuchen Station', 'Metuchen', 'NJ'),
  ('Metropark Station', 'Iselin', 'NJ'), 
  ('Middletown Station', 'Middletown', 'NJ'),
  ('Millburn Station', 'Millburn', 'NJ'),
  ('Millington Station', 'Long Hill Township', 'NJ'), 
  ('Montclair Heights Station', 'Montclair', 'NJ'),
  ('Montclair State Univ Station', 'Montclair', 'NJ'), 
  ('Montvale Station', 'Montvale', 'NJ'),
  ('Morris Plains Station', 'Morris Plains', 'NJ'),
  ('Morristown Station', 'Morristown', 'NJ'),
  ('Mount Arlington Station', 'Mount Arlington', 'NJ'),
  ('Mount Olive Station', 'Mount Olive', 'NJ'), 
  ('Mount Tabor Station', 'Parsippany-Troy Hills', 'NJ'), 
  ('Mountain Ave Station', 'Montclair', 'NJ'),
  ('Mountain Lakes Station', 'Mountain Lakes', 'NJ'),
  ('Mountain Station', 'South Orange', 'NJ'), 
  ('Mountain View - Wayne Station', 'Wayne', 'NJ'),
  ('Murray Hill Station', 'New Providence', 'NJ'), 
  ('Nanuet Station', 'Nanuet', 'NY'),
  ('Newark Broad St Station', 'Newark', 'NJ'),
  ('Newark Liberty Airport Station', 'Newark', 'NJ'),
  ('Newark Penn Station', 'Newark', 'NJ'),
  ('Netcong Station', 'Netcong', 'NJ'),
  ('Netherwood Station', 'Plainfield', 'NJ'), 
  ('New Bridge Landing Station', 'River Edge', 'NJ'), 
  ('New Brunswick Station', 'New Brunswick', 'NJ'),
  ('New Providence Station', 'New Providence', 'NJ'),
  ('New York Penn Station', 'New York', 'NY'),
  ('North Branch Station', 'Branchburg', 'NJ'), 
  ('North Elizabeth Station', 'Elizabeth', 'NJ'),
  ('Oradell Station', 'Oradell', 'NJ'),
  ('Orange Station', 'Orange', 'NJ'),
  ('Otisville Station', 'Otisville', 'NY'),
  ('Palmyra Station', 'Palmyra', 'NJ'),
  ('Park Ridge Station', 'Park Ridge', 'NJ'),
  ('Passaic Station', 'Passaic', 'NJ'),
  ('Paterson Station', 'Paterson', 'NJ'),
  ('Peapack Station', 'Peapack and Gladstone', 'NJ'), 
  ('Pearl River Station', 'Pearl River', 'NY'),
  ('Pennsauken Transit Center Station', 'Pennsauken', 'NJ'),
  ('Perth Amboy Station', 'Perth Amboy', 'NJ'),
  ('Plainfield Station', 'Plainfield', 'NJ'),
  ('Plauderville Station', 'Garfield', 'NJ'), 
  ('Point Pleasant Beach Station', 'Point Pleasant Beach', 'NJ'), 
  ('Port Jervis Station', 'Port Jervis', 'NY'),
  ('Princeton Junction Station', 'Princeton Junction', 'NJ'),
  ('Radburn - Fair Lawn Station', 'Fair Lawn', 'NJ'),
  ('Rahway Station', 'Rahway', 'NJ'),
  ('Ramsey Station', 'Ramsey', 'NJ'),
  ('Ramsey Route 17 Station', 'Ramsey', 'NJ'),
  ('Raritan Station', 'Raritan', 'NJ'),
  ('Red Bank Station', 'Red Bank', 'NJ'),
  ('Ridgewood Station', 'Ridgewood', 'NJ'),
  ('River Edge Station', 'River Edge', 'NJ'),
  ('Riverside Station', 'Riverside', 'NJ'),
  ('Riverton Station', 'Riverton', 'NJ'),
  ('Roebling Station', 'Florence Township', 'NJ'), 
  ('Roselle Park Station', 'Roselle Park', 'NJ'),
  ('Route 73 - Pennsauken Station', 'Pennsauken', 'NJ'),
  ('Rutherford Station', 'Rutherford', 'NJ'),
  ('Salisbury Mills-Cornwall Station', 'Salisbury Mills', 'NY'), 
  ('Secaucus Junction/Frank R. Lautenberg Station', 'Secaucus', 'NJ'), 
  ('Short Hills Station', 'Millburn', 'NJ'), 
  ('Sloatsburg Station', 'Sloatsburg', 'NY'),
  ('Somerville Station', 'Somerville', 'NJ'),
  ('South Amboy Station', 'South Amboy', 'NJ'),
  ('South Orange Station', 'South Orange', 'NJ'),
  ('Spring Lake Station', 'Spring Lake', 'NJ'),
  ('Spring Valley Station', 'Spring Valley', 'NY'),
  ('Stirling Station', 'Long Hill Township', 'NJ'), 
  ('Suffern Station', 'Suffern', 'NY'),
  ('Summit Station', 'Summit', 'NJ'),
  ('Teterboro - Williams Ave Station', 'Teterboro', 'NJ'), 
  ('Trenton Transit Center Station', 'Trenton', 'NJ'),
  ('Tuxedo Station', 'Tuxedo Park', 'NY'), 
  ('Union Station', 'Union', 'NJ'),
  ('Upper Montclair Station', 'Montclair', 'NJ'),
  ('Waldwick Station', 'Waldwick', 'NJ'),
  ('Walnut Street Station', 'Montclair', 'NJ'),
  ('Walter Rand Transportation Center Station', 'Camden', 'NJ'),
  ('Watchung Ave Station', 'Montclair', 'NJ'),
  ('Watsessing Station', 'Bloomfield', 'NJ'), 
  ('Wayne Route 23 - Transit Center Station', 'Wayne', 'NJ'),
  ('Westfield Station', 'Westfield', 'NJ'),
  ('Westwood Station', 'Westwood', 'NJ'),
  ('White House Station', 'Whitehouse Station', 'NJ'),
  ('Wood-Ridge Station', 'Wood-Ridge', 'NJ'),
  ('Woodbridge Station', 'Woodbridge', 'NJ'),
  ('Woodcliff Lake Station', 'Woodcliff Lake', 'NJ'),
  ('Grove Street Station', 'Jersey City', 'NJ'),
  ('Silver Lake Station', 'Belleville', 'NJ'), 
  ('Branch Brook Park Station', 'Newark', 'NJ'),
  ('Davenport Ave Station', 'Newark', 'NJ'), 
  ('Bloomfield Ave Station', 'Newark', 'NJ'), 
  ('Park Ave Station', 'Newark', 'NJ'), 
  ('Orange Street Station', 'Newark', 'NJ'), 
  ('Norfolk Street Station', 'Newark', 'NJ'), 
  ('Warren Street / NJIT Station', 'Newark', 'NJ'),
  ('Washington Street Station', 'Newark', 'NJ'), 
  ('Military Park Station', 'Newark', 'NJ'), 
  ('NJPAC / Center Street Station', 'Newark', 'NJ'),
  ('Atlantic Street Station', 'Newark', 'NJ'), 
  ('Riverfront Stadium Station', 'Newark', 'NJ'), 
  ('Harriet Tubman Square Station', 'Newark', 'NJ'), 
  ('Tonnelle Ave Station', 'North Bergen', 'NJ'), 
  ('Bergenline Ave Station', 'Union City', 'NJ'), 
  ('Port Imperial Station', 'Weehawken', 'NJ'), 
  ('Lincoln Harbor Station', 'Weehawken', 'NJ'), 
  ('9th Street / Congress Street Station', 'Hoboken', 'NJ'),
  ('2nd Street Station', 'Hoboken', 'NJ'),
  ('Hoboken Station', 'Hoboken', 'NJ'),
  ('Newport Station', 'Jersey City', 'NJ'),
  ('Harsimus Cove Station', 'Jersey City', 'NJ'),
  ('Harborside Station', 'Jersey City', 'NJ'),
  ('Exchange Place Station', 'Jersey City', 'NJ'),
  ('Essex Street Station', 'Harrison', 'NJ'), 
  ('Marin Blvd Station', 'Jersey City', 'NJ'),
  ('Jersey Ave Station', 'Jersey City', 'NJ'), 
  ('Liberty State Park Station', 'Jersey City', 'NJ'),
  ('Garfield Ave Station', 'Jersey City', 'NJ'), 
  ('Martin Luther King Drive Station', 'Jersey City', 'NJ'), 
  ('West Side Ave Station', 'Jersey City', 'NJ'), 
  ('Richard Street Station', 'Newark', 'NJ'), 
  ('Danforth Ave Station', 'Jersey City', 'NJ'), 
  ('45th Street Station', 'Bayonne', 'NJ'), 
  ('34th Street Station', 'Bayonne', 'NJ'), 
  ('22nd Street Station', 'Bayonne', 'NJ'), 
  ('8th Street Station', 'Bayonne', 'NJ'),
  ('Meadowlands Sports Complex Station', 'East Rutherford', 'NJ');
  
		
insert into Train (tid) VALUES
  ('1088'), ('1189'), ('1401'), ('1493'), ('1532'), ('1784'), ('1843'), ('2379'), 
  ('2390'), ('2507'), ('2896'), ('2978'), ('3105'), ('3316'), ('3343'), ('3397'), 
  ('3515'), ('3820'), ('3824'), ('3875'), ('3915'), ('3984'), ('4468'), ('4490'), 
  ('4624'), ('4964'), ('5055'), ('5283'), ('5446'), ('5450'), ('5594'), ('5742'), 
  ('6009'), ('6026'), ('6131'), ('6133'), ('7120'), ('7471'), ('8060'), ('8299'), 
  ('8981'), ('9083'), ('9287'), ('9602'), ('9758'), ('9876'), ('9896'), ('9919'), 
  ('9946'), ('9969');


insert into Customer Values
    ('user1', 'password123', 'user1@example.com', 'John', 'Doe'),
    ('user2', 'securepass', 'user2@example.com', 'Jane', 'Smith'),
    ('user3', 'pass456', 'user3@example.com', 'David', 'Lee'),
    ('user4', 'mypass', 'user4@example.com', 'Sarah', 'Kim'),
    ('user5', 'strongpass', 'user5@example.com', 'Michael', 'Brown'),
    ('user6', 'pass789', 'user6@example.com', 'Emily', 'Jones'),
    ('user7', 'secure123', 'user7@example.com', 'Daniel', 'Garcia'),
    ('user8', 'mypass456', 'user8@example.com', 'Jessica', 'Rodriguez'),
    ('user9', 'password789', 'user9@example.com', 'Matthew', 'Wilson'),
    ('user10', 'pass101', 'user10@example.com', 'Ashley', 'Martinez'),
    ('user11', 'securepass11', 'user11@example.com', 'Christopher', 'Taylor'),
    ('user12', 'mypass123', 'user12@example.com', 'Amanda', 'Anderson'),
    ('user13', 'pass131', 'user13@example.com', 'Joshua', 'Thomas'),
    ('user14', 'secure14', 'user14@example.com', 'Nicole', 'Jackson'),
    ('user15', 'mypass789', 'user15@example.com', 'Kevin', 'White');
    

insert into Employee values
	('mcarpenter', 'group21!', '111-11-1111', 'Marcus', 'Carpenter', 'manager'),
    ('Ade', 'group21!', '222-22-2222', 'Ade', 'lname', 'manager'),
    ('Ras', 'group21!', '333-33-3333', 'Ras', 'lname', 'manager'),
    ('Pavan', 'group21!', '444-44-4444', 'Pavan', 'lname', 'manager'),
    ('jdoe', 'password456', '555-12-4567', 'John', 'Doe', 'customer_rep'),
    ('asmith', 'securepass789','111-98-7543', 'Alice', 'Smith', 'customer_rep'),
    ('bdavis', 'mypass123', '999-56-7234', 'Bob', 'Davis', 'customer_rep'),
    ('ewilson', 'pass1010', '222-87-5432', 'Emily', 'Wilson', 'customer_rep'),
    ('jgarcia', 'secure1111', '888-43-2109', 'Jose', 'Garcia', 'customer_rep'),
    ('kmartinez', 'mypass1212', '333-07-6504', 'Karen', 'Martinez', 'customer_rep'),
    ('lrodriguez', 'pass1313', '777-65-4300', 'Luis', 'Rodriguez', 'customer_rep'),
    ('mtaylor', 'secure1414', '444-23-4567', 'Maria', 'Taylor', 'customer_rep'),
    ('nanderson', 'mypass1515', '669-87-6543', 'Nancy', 'Anderson', 'customer_rep'),
    ('othomas', 'pass1616', '000-56-7934', 'Omar', 'Thomas', 'customer_rep');


Insert into Tschedule (transit_line, origin_id, destination_id, base_fare, origin_departure, destination_arrival, train_id)  Values
('Raritan Valley Line', '76', '126', '18.65', '2024-12-11 05:51', '2024-12-11 07:42', '3824'),
('Raritan Valley Line', '126', '76', '18.65', '2024-12-11 06:41:00', '2024-12-11 08:31:00', '1189'),
('Raritan Valley Line', '76', '126', '18.65', '2024-12-12 05:51', '2024-12-12 07:42', '3824'),
('Raritan Valley Line', '126', '76', '18.65', '2024-12-12 06:41:00', '2024-12-12 08:31:00', '1189'),
('Morristown Line', '69', '123', '18.40', '2024-12-11 06:45:00', '2024-12-11 08:59:00', '1493'),
('Morristown Line', '69', '79', '13.80', '2024-12-11 06:45:00', '2024-12-11 08:34:00', '1401'),
('Morristown Line', '69', '123', '18.40', '2024-12-12 06:45:00', '2024-12-12 08:59:00', '1493'),
('Morristown Line', '69', '79', '13.80', '2024-12-12 06:45:00', '2024-12-12 08:34:00', '1401'),
('Morristown Line', '123', '69', '18.40', '2024-12-11 01:51:00', '2024-12-11 04:23:00', '1784'),
('Morristown Line', '79', '69', '13.80', '2024-12-11 02:27:00', '2024-12-11 04:23:00', '2978'),
('Morristown Line', '123', '69', '18.40', '2024-12-12 01:51:00', '2024-12-12 04:23:00', '1784'),
('Morristown Line', '79', '69', '13.80', '2024-12-12 02:27:00', '2024-12-12 04:23:00', '2978'),
('Montclair-Boonton Line', '69', '123', '18.40', '2024-12-11 06:45:00', '2024-12-11 08:59:00', '1532'),
('Montclair-Boonton Line', '69', '79', '13.80', '2024-12-11 5:04:00', '2024-12-11 07:00:00', '2379'),
('Montclair-Boonton Line', '123', '69', '18.40', '2024-12-11 09:09:00', '2024-12-11 11:28:00', '2390'),
('Montclair-Boonton Line', '79', '69', ' 13.80', '2024-12-11 02:27:00', '2024-12-11 04:32:00', '3105'),
('Montclair-Boonton Line', '69', '123', '18.40', '2024-12-12 06:45:00', '2024-12-12 08:59:00', '1532'),
('Montclair-Boonton Line', '69', '79', '13.80', '2024-12-12 5:04:00', '2024-12-12 07:00:00', '2379'),
('Montclair-Boonton Line', '123', '69', '18.40', '2024-12-12 09:09:00', '2024-12-12 11:28:00', '2390'),
('Montclair-Boonton Line', '79', '69', ' 13.80', '2024-12-12 02:27:00', '2024-12-12 04:32:00', '3105'),
('Main Line', '140', '79', '20.25', '2024-12-11 03:44:00', '2024-12-11 06:11:00', '1088'),
('Main Line', '79', '140', '20.25', '2024-12-11 04:07:00', '2024-12-11 06:18:00', '6026'),
('Main Line', '140', '79', '20.25', '2024-12-12 03:44:00', '2024-12-12 06:11:00', '1088'),
('Main Line', '79', '140', '20.25', '2024-12-12 04:07:00', '2024-12-12 06:18:00', '6026'),
('Bergen Line', '140', '79', '20.25', '2024-12-11 06:03:00', '2024-12-11 08:26:00', '3343'),
('Bergen Line', '79', '140', '20.25', '2024-12-11 09:47:00', '2024-12-11 12:21:00', '3316'),
('Bergen Line', '140', '79', '20.25', '2024-12-12 06:03:00', '2024-12-12 08:26:00', '3343'),
('Bergen Line', '79', '140', '20.25', '2024-12-12 09:47:00', '2024-12-12 12:21:00', '3316'),
('Pascack Valley Line', '164', '79', '9.75', '2024-12-11 10:55:00', '2024-12-11 12:05:00', '3397'),
('Pascack Valley Line', '79', '164', '9.75', '2024-12-11 07:28:00', '2024-12-11 08:39:00', '3515'),
('Pascack Valley Line', '164', '79', '9.75', '2024-12-12 10:55:00', '2024-12-12 12:05:00', '3397'),
('Pascack Valley Line', '79', '164', '9.75', '2024-12-12 07:28:00','2024-12-12 08:39:00', '3515'), 
('Gladstone Branch', '65', '123', '18.40','2024-12-11 02:54:00', '2024-12-11 04:52:00', '3875' ),
('Gladstone Branch', '65', '79', '13.80', '2024-12-11 06:50:00', '2024-12-11 08:13:00', '3820'),
('Gladstone Branch', '123', '65', '18.40', '2024-12-11 09:22:00', '2024-12-11 11:13:00', '3915'),
('Gladstone Branch', '79', '65', '13.80', '2024-12-11 01:38:00', '2024-12-11 03:13:00', '3824'),
('Gladstone Branch', '65', '123', '18.40','2024-12-12 02:54:00', '2024-12-12 04:52:00', '3875' ),
('Gladstone Branch', '65', '79', '13.80', '2024-12-12 06:50:00', '2024-12-12 08:13:00', '3820'),
('Gladstone Branch', '123', '65', '18.40', '2024-12-12 09:22:00', '2024-12-12 11:13:00', '3915'),
('Gladstone Branch', '79', '65', '13.80', '2024-12-12 01:38:00', '2024-12-12 03:13:00', '3824'),
('Northeast Corridor', '169', '123', '19.25', '2024-12-11 07:11:00', '2024-12-11 08:23:00', '3984'),
('Northeast Corridor', '123', '169', '19.25', '2024-12-11 2:01:00', '2024-12-11 01:35:00', '4468'),
('Northeast Corridor', '169', '123', '19.25', '2024-12-12 07:11:00', '2024-12-12 08:23:00', '3984'),
('Northeast Corridor', '123', '169', '19.25', '2024-12-12 2:01:00', '2024-12-12 01:35:00', '4468'),
('North Jersey Coast Line', '21', '126', '19.25', '2024-12-11 10:09:00', '2024-12-11 12:34:00', '4624'),
('North Jersey Coast Line', '126', '21', '19.25', '2024-12-11 05:01:00', '2024-12-11 07:07:00', '5055'),
('North Jersey Coast Line', '21', '126', '19.25', '2024-12-12 10:09:00', '2024-12-12 12:34:00', '4624'),
('North Jersey Coast Line', '126', '21', '19.25', '2024-12-12 05:01:00', '2024-12-12 07:07:00', '5055'),
('Atlantic City Line', '1', '9', '12.35', '2024-12-11 05:38:00', '2024-12-11 07:15:00', '2390'),
('Atlantic City Line', '9', '1', '12.35', '2024-12-11 01:55:00', '2024-12-11 03:34:00', '8981'),
('Atlantic City Line', '1', '9', '12.35', '2024-12-12 05:38:00', '2024-12-12 07:15:00', '2390'),
('Atlantic City Line', '9', '1', '12.35', '2024-12-12 01:55:00', '2024-12-12 03:34:00', '8981'),
('Atlantic City Line', '1', '9', '12.35', '2024-12-11 08:38:00', '2024-12-11 10:15:00', '2390'),
('Atlantic City Line', '9', '1', '12.35', '2024-12-11 02:55:00', '2024-12-11 04:34:00', '8981'),
('Atlantic City Line', '1', '9', '12.35', '2024-12-12 09:38:00', '2024-12-12 11:15:00', '2390'),
('Atlantic City Line', '9', '1', '12.35', '2024-12-12 04:55:00', '2024-12-12 06:34:00', '8981'),
('Atlantic City Line', '1', '9', '12.35', '2024-12-10 05:38:00', '2024-12-10 07:15:00', '2390');



insert into Reservation (
    passenger,
    date_made,
    transit_line,
    train_id,
    schedule_id,
    origin_id,
    destination_id,
    travel_date,
    departure_time,
    arrival_time,
    trip_type,
    total_fare) Values
('user1', '2024-12-10', 'Raritan Valley Line', 3824, 1, 76, 126, '2024-12-11', '05:51:00', '07:42:00', 'oneway', 6.00),
('user1', '2024-12-09', 'Raritan Valley Line', 1189, 2, 126, 76, '2024-12-10', '06:41:00', '08:31:00', 'oneway', 6.00),
('user2', '2024-12-11', 'Morristown Line', 1493, 5, 69, 123, '2024-12-12', '06:45:00', '08:59:00', 'roundtrip', 18.40),
('user2', '2024-12-11', 'Morristown Line', 1401, 6, 69, 79, '2024-12-12', '06:45:00', '08:34:00', 'roundtrip', 13.80),
('user3', '2024-12-12', 'Montclair-Boonton Line', 1532, 11, 69, 123, '2024-12-13', '06:45:00', '08:59:00', 'oneway', 18.40),
('user3', '2024-12-12', 'Montclair-Boonton Line', 2379, 12, 69, 79, '2024-12-13', '05:04:00', '07:00:00', 'oneway', 13.80),
('user4', '2024-12-13', 'Main Line', 1088, 16, 140, 79, '2024-12-14', '03:44:00', '06:11:00', 'roundtrip', 20.25),
('user4', '2024-12-13', 'Main Line', 6026, 17, 79, 140, '2024-12-14', '04:07:00', '06:18:00', 'roundtrip', 20.25),
('user5', '2024-12-14', 'Bergen Line', 3343, 21, 140, 79, '2024-12-15', '06:03:00', '08:26:00', 'oneway', 20.25),
('user5', '2024-12-14', 'Bergen Line', 3316, 22, 79, 140, '2024-12-15', '09:47:00', '12:21:00', 'oneway', 20.25),
('user6', '2024-12-15', 'Pascack Valley Line', 3397, 27, 164, 79, '2024-12-16', '10:55:00', '12:05:00', 'roundtrip', 9.75),
('user6', '2024-12-15', 'Pascack Valley Line', 3515, 28, 79, 164, '2024-12-16', '07:28:00', '08:39:00', 'roundtrip', 9.75),
('user7', '2024-12-16', 'Gladstone Branch', 3875, 32, 65, 123, '2024-12-17', '02:54:00', '04:52:00', 'oneway', 18.40),
('user7', '2024-12-16', 'Gladstone Branch', 3820, 33, 65, 79, '2024-12-17', '06:50:00', '08:13:00', 'oneway', 13.80),
('user8', '2024-12-17', 'Northeast Corridor', 3984, 37, 169, 123, '2024-12-18', '07:11:00', '08:23:00', 'roundtrip', 19.25),
('user8', '2024-12-17', 'Northeast Corridor', 4468, 38, 123, 169, '2024-12-18', '02:01:00', '01:35:00', 'roundtrip', 19.25),
('user9', '2024-12-18', 'North Jersey Coast Line', 4624, 43, 21, 126, '2024-12-19', '10:09:00', '12:34:00', 'oneway', 19.25),
('user9', '2024-12-18', 'North Jersey Coast Line', 5055, 44, 126, 21, '2024-12-19', '05:01:00', '07:07:00', 'oneway', 19.25),
('user10', '2024-12-19', 'Atlantic City Line', 2390, 49, 1, 9, '2024-12-20', '05:38:00', '07:15:00', 'oneway', 12.35),
('user10', '2024-12-19', 'Atlantic City Line', 8981, 50, 9, 1, '2024-12-20', '01:55:00', '03:34:00', 'oneway', 12.35),
('user11', '2024-12-20', 'Atlantic City Line', 2390, 51, 1, 9, '2024-12-21', '05:38:00', '07:15:00', 'roundtrip', 12.35),
('user11', '2024-12-20', 'Atlantic City Line', 8981, 52, 9, 1, '2024-12-21', '01:55:00', '03:34:00', 'roundtrip', 12.35);





insert into Stops Values
('1', '1', '49', '1', NULL, '2024-12-11 05:38:00'),
('2', '2', '49', '2', '2024-12-11 05:49:00', '2024-12-11 05:49:00'),
('3', '3', '49', '3', '2024-12-11 05:59:00', '2024-12-11 05:59:00'),
('4', '4', '49', '4', '2024-12-11 06:10:00', '2024-12-11 06:10:00'),
('5', '5', '49', '5', '2024-12-11 06:23:00', '2024-12-11 06:23:00'),
('6', '6', '49', '6', '2024-12-11 06:30:00', '2024-12-11 06:30:00'),
('7', '7', '49', '7', '2024-12-11 06:44:00', '2024-12-11 06:44:00'),
('8', '8', '49', '8', '2024-12-11 06:51:00', '2024-12-11 06:51:00'),
('9', '9', '49', '9', '2024-12-11 07:15:00',  NULL );

